"risk_factor","count","a0","a1","a2","b0","b1","c1","c2","c3","c4","d1","d2","d3","e0","e1","f0","f1","f2","f3","g1","g2","g3","g4"
1,14796,0.123682076236821,0.749391727493917,0.126926196269262,0.508515815085158,0.491484184914842,0.150851581508516,0.14463368477967,0.500473100838064,0.20404163287375,0.0407542579075426,0.152946742362801,0.806298999729657,0.409299810759665,0.590700189240335,0.373952419572858,0.261962692619627,0.335631251689646,0.0284536361178697,0.0815761016490943,0.302987293863206,0.442822384428224,0.172614220059476
2,14367,0.152015034453957,0.688939931788126,0.159045033757917,0.522516878958725,0.477483121041275,0.179647803995267,0.176446022134057,0.488062921973968,0.155843251896708,0.0605554395489664,0.175819586552516,0.763624973898517,0.459107677316072,0.540892322683928,0.379411150553351,0.249182153546321,0.33542145193847,0.035985243961857,0.134335630263799,0.361244518688662,0.388738080322962,0.115681770724577
3,16986,0.250029436006123,0.584245849523137,0.165724714470741,0.529259390085953,0.470740609914047,0.282409042741081,0.209407747556811,0.404568468150241,0.103614741551866,0.106322854115154,0.218238549393618,0.675438596491228,0.5560461556576,0.4439538443424,0.358177322500883,0.238255033557047,0.348816672553868,0.054750971388202,0.188213823148475,0.384375367950077,0.345343223831391,0.0820675850700577
4,16514,0.226535061160228,0.609301198982681,0.164163739857091,0.511747608090105,0.488252391909895,0.26280731500545,0.251423035000606,0.40710911953494,0.0786605304590045,0.121109361753664,0.238464333292964,0.640426304953373,0.541843284485891,0.458156715514109,0.289330265229502,0.26892333777401,0.390032699527673,0.0517136974688143,0.231137216906867,0.418493399539784,0.280792055225869,0.0695773283274797
NA,34346,0.272986665113842,0.541838933209107,0.185174401677051,0.534327141442963,0.465672858557037,0.437984044721365,0.23318581494206,0.289728061491877,0.0391020788446981,0.213911372503348,0.26908519187096,0.517003435625692,0.613957957258487,0.386042042741513,0.273685436440925,0.233447854189716,0.408140685960519,0.0847260234088395,0.294240959645956,0.426978396319804,0.234583357596227,0.0441972864380132
